INSERT INTO `address` (`address_id`, `city`, `state`, `street`, `zip`)
VALUES
  (1,'Fairfield','IA','100 North Main','52556'),
  (2,'Ho Chi Minh','SG','Lu Gia','12311'),
  (3,'Fairfield','IA','209','52556'),
  (4,'D','EA','C','12345'),
  (5,'Fairfield','IA','209','52557'),
  (6,'FF','IA','aaa','11111');

INSERT INTO `blog` (`blogId`, `content`, `postDate`, `title`, `blogCatId`, `user_id`)
VALUES
  (1,'With frequent Frontpage deals on protein powder, MyProtein has become a popular brand on Slickdeals. They offer a high-quality product at a great price, and if you haven\'t seen our taste test yet, check it out. But, did you know that MyProtein also has a fitness apparel line? Neither did we, but we recently had the opportunity to test out some of clothes they offer.\r\n\r\nGiven that we didn\'t even know MyProtein sold workout clothes, we immediately imagined getting swag-like apparel with giant logos, and were a bit hesitant to even do a review. But after looking at their clothing section, we were pleasantly surprised. Everything looked very stylish, and there was a 40% off coupon for all clothing, so you know that caught our eyes.\r\n\r\nItems We Tried\r\nMen\'s Fast-Track T-Shirt\r\nClassic Fit Joggers\r\nTru-Fit Sweatpants (I incorrectly said Pro-Tech Joggers in the video)\r\nSeamless Tank\r\nFast-Track Leggings\r\nAir Sports Bra\r\nTie Back Vest','2017-11-21 09:57:53','Are Their Clothes as Good as Their Supplements',1,1),
  (2,'Just weeks before Black Friday, Microsoft unleashed the Xbox One X into the hands of enthusiastic gamers, showcasing upgrades across the board: more memory, faster processing, and robust graphics capabilities.\r\n\r\nAs the Xbox One X closes the performance gap between console and PC gaming, its changes feel more evolutionary than revolutionary  especially since the Xbox One S is still an awesome machine  but the improvements in overall gaming experience and graphics are far from subtle with the addition of 4K native resolution and HDR (High Dynamic Range) support.\r\n\r\nLet\'s take a closer look at how the Xbox One X is making the future of gaming more accessible to the masses.\r\n\r\nSpecial thanks to Microsoft for providing a complimentary Xbox One X on release day so we could produce this review!','2017-11-21 10:00:17','Hands-on with Slickdeals: Microsoft Xbox One X Review',2,1),
  (3,'If you\'ve been holding on to your old gaming console all year in hopes of scoring a deal during Black Friday, we\'re here to help. While we\'ve already seen some video game deals come and go in the lead up to the big day -- like this Walmart Xbox One S Bundle -- most of the best discounts will have to wait for Black Friday.\r\n\r\nIf you\'re gearing up to fight off the onslaught of like-minded Black Friday shoppers, we would encourage you to do your digging. Most retailers are offering similar prices, so when it comes to video game console deals, it\'s all about the extras. Read on to find who will have what when it comes to video game deals this Black Friday. Spoiler: For the newer consoles, you\'re likely to be disappointed.','2017-11-21 10:01:08','Where to Find the Best Video Game Deals for Black Friday 2017',3,1),
  (4,'If the latest flagship phones from brands like Apple, Samsung and Google top your family\'s holiday gift list this year, you\'ve likely already been dismayed by prices for these highly sought after phones reaching more than $900.\r\n\r\nBut don\'t rush to take out a second mortgage on your home  we\'ve compiled a list of Black Friday smartphone deals that should help cushion the blow to your wallet.\r\n\r\n2017 Black Friday iPhone X, 8 and 8 Plus Deals','2017-11-21 10:02:04','Where to Find the Best Smartphone Deals on Black Friday 2017',4,1),
  (5,'Reuters ivuga ko ubwo ibiganiro byari bigitangira, Umuyobozi wInteko Ishinga Amategeko, Jacob Mudenda yavuze ko Robert Mugabe yohereje ibaruwa ihamya ko yeguye, abibwira inteko yabyakiranye ibyishimo.\r\n\r\nMugabe yari yahamagaje inama isanzwe yabaminisitiri isanzwe iba ku wa Kabiri haza bane gusa abandi 17 bajya mu yo kumweguza.\r\n\r\nMugabe yirukanwe ku buyobozi bwishyaka ku wa Gatandatu asimbuzwa Emmerson Mnanganwa yari yavanye ku mwanya wa Visi Perezida.\r\n\r\nMu gitondo cyo kuri uyu wa Kabiri, Mnangagwa yasohoye itangazo avuga ko atakwitabira ibiganiro byari biteganyijwe hagati ye na Mugabe, amusaba kwegura cyangwa akabikorerwa ku ngufu.\r\n\r\nYavuze ko akiri mu buhungiro kandi adateganya kuhazva Mugabe atarava ku butegetsi kuko afite impungenge zumutekano we.\r\n\r\nYahunze Mugabe amaze kumwirukana bigafatwa nkuburyo bwo gushaka ko umugore we Grace azamusimbura.\r\n\r\nIgisirikare cyinjiye muri politiki nyuma yiyirukanwa rya Mnangagwa ugifitemo inshuti nyinshi zikomeye kuko yarwanye urugamba rwubwigenge.\r\n\r\nMugabe niwe Perezida rukumbi wayoboye Zimbabwe kuva yakwigenga ku bakoloni bAbongereza mu 1980.\r\n\r\nYabanje kuyobora nka Minisitiri wIntebe aba Perezida mu 1987, akomeza gutorerwa izindi manda mu buryo butavuzweho rumwe ndetse yaniteguraga kongera kwiyamamaza nubwo ku myaka 93 ubuzima bwe busa nkuburi ','2017-11-21 11:24:35','Very good deal in Walmart',3,5);

INSERT INTO `blog_cat` (`blogCatId`, `description`, `blogCatName`)
VALUES
  (1,'Video Games','Video Games'),
  (2,'Entertainment','Entertainment'),
  (3,'Reviews','Reviews'),
  (4,'Tech & Electronic','Tech & Electronic'),
  (5,'Consumer News','Consumer News');

INSERT INTO `comment` (`commentId`, `content`, `postingTime`, `title`, `saleId`)
VALUES
  (1,'This is the best deal I have ever seen','2017-11-21 10:03:28','Good deal',1),
  (2,'Love it so much','2017-11-21 10:16:16','I love it',2),
  (3,'These retail store that offer gc are third party vendors. If you have an issue the retailer can not help you. I got screwed at target by the vendor and ended up paying $1000 more for my phones than when originally spoke to the vendor who stated I could do a BOGO through sprint and still get gc. The sprint BOGO did not apply because vendor read BOGO offer incorrectly. Target could not do anything to help.','2017-11-21 10:20:01','Looks like nothing for T-Mobile',2),
  (4,'T-Mobile does have deals. Right now they have Samsung Galaxy BOGO and iPhone BOGO','2017-11-21 10:21:07','Bad deal',2),
  (5,'Can you please elaborate on \"Many Slickdealers are quick to activate a line of service in order to get the discount, and then try to transfer or cancel the wireless plan upon paying off the phone.\" I was planning on cancelling the wireless plan after 1st month by paying off the device. I was under the impression that I will only be paying 1st month\'s service, activation fee and full price of phone. Please clarify if there will be any additional fees.','2017-11-21 10:21:46','Good deal',2),
  (6,'Thanks OP, I\'ll be picking up an echo dot and smart plug that works with both google home and amazon (or multiple if they\'ll allow for $5ea)','2017-11-21 10:23:24','Amazing',2),
  (7,'Interesting. I\'d buy that just to say I got it','2017-11-21 10:23:55','Love it',2),
  (8,'I love this product.','2017-11-21 10:37:53','Hello',1),
  (9,'I love it.','2017-11-21 11:06:47','My review',1);

INSERT INTO `sale` (`saleId`, `saleTitle`, `saleUrl`, `description`, `isFeature`, `isFrontPage`, `postDate`, `price`, `saleCatId`, `store_id`, `user_id`)
VALUES
  (1,'918 Energy Room Darkening Energy Efficient Curtain Panel','https://www.walmart.com/ip/No-918-Energy-Room-Darkening-Energy-Efficient-Curtain-Panel/56147733?u1=c5064b04ced211e7a3029e6251c4153f0INT&oid=223073.1&wmlspartner=lw9MynSeamY&sourceid=40268932733043744489&affillinktype=10&veh=aff','Room darkening energy efficient curtain panel Features:\r\n\r\nEnergy Efficient\r\nLight Filtering\r\nNoise Reducing\r\nMachine washable\r\n\r\nRoom darkening energy efficient curtain panel Features:\r\n\r\nEnergy Efficient\r\nLight Filtering\r\nNoise Reducing\r\nMachine washable\r\n\r\nRoom darkening energy efficient curtain panel Features:\r\n\r\nEnergy Efficient\r\nLight Filtering\r\nNoise Reducing\r\nMachine washable',b'1',b'1','2017-11-21 09:44:35',50.00,2,1,1),
  (2,'LIFE A6 Smart Cleaning Vacuum Robot Dust Cleaner 2Modes Auto Sweeping Machine','https://www.ebay.com/itm/ILIFE-A6-Smart-Cleaning-Vacuum-Robot-Dust-Cleaner-2Modes-Auto-Sweeping-Machine/162725300060?ssPageName=STRK%3AMEBIDX%3AIT&_trksid=p2057872.m2749.l2649&afepn=5337259887&rmvSB=true','Apparently this does pretty good on carpets, as it doesn\'t use bristles found on almost every other Robot vacuum. It has a rubber roller type system.\r\n\r\nApparently this does pretty good on carpets, as it doesn\'t use bristles found on almost every other Robot vacuum. It has a rubber roller type system.\r\n\r\nApparently this does pretty good on carpets, as it doesn\'t use bristles found on almost every other Robot vacuum. It has a rubber roller type system.',b'1',b'1','2017-11-21 09:45:52',112.00,1,2,1),
  (3,'Piece Queen Bedroom Set','https://slickdeals.net/f/10872007-ashley-3-piece-queen-bedroom-set-2-designs-w-mattress-box-spring-649-king-749-free-shipping?src=catpagev2_catnav_home','Signature Design by Ashley Guthrie 3-Piece Bedroom Set w/ Mattress and Boxspring [jcpenney.com] Twin, Full, Queen $649, King $749\r\nIncludes:\r\nBed\r\nDresser\r\nNightstand\r\nSierra Sleep Tori LTD Mattress\r\nBox Spring\r\nSignature Design by Ashley Rudolph 3-Piece Bedroom Set w/ Mattress and Boxspring [jcpenney.com] Twin, Full, Queen $649, King $749\r\nIncludes:\r\nBed\r\nDresser\r\nNightstand\r\nSierra Sleep Tori LTD Mattress\r\nBox Spring\r\nShipping is included',b'1',b'1','2017-11-21 09:46:50',649.00,2,3,1),
  (4,'Cuddl Duds Flannel Sheet Set','https://www.kohls.com/product/prd-3024993/cuddl-duds-flannel-sheet-set.jsp?color=Gray%20Plaid&irgwc=1&utm_campaign=362118&utm_source=10451&cid=affiliate-_-10451&utm_content=ONLINE_TRACKING_LINK&utm_medium=affiliate','Buy 1 Twin Cuddl Duds Flannel Sheet Set (reg. $49.99) $14.99, Black Friday deal \r\nUse code SAVEBIG15 to get 15% off your purchase through 11/24\r\nFree shipping on orders of $50.00 or more or free store pickup\r\nFinal Price: $12.74\r\n\r\nBuy 1 Full Cuddl Duds Flannel Sheet Set (reg. $69.99) $19.99, Black Friday deal \r\nUse code SAVEBIG15 to get 15% off your purchase through 11/24\r\nFree shipping on orders of $50.00 or more or free store pickup\r\nFinal Price: $16.99\r\n\r\nBuy 1 Queen Cuddl Duds Flannel Sheet Set (reg. $89.99) $24.99, Black Friday deal \r\nUse code SAVEBIG15 to get 15% off your purchase through 11/24\r\nFree shipping on orders of $50.00 or more or free store pickup\r\nFinal Price: $21.24\r\nBuy 1 King Cuddl Duds Flannel Sheet Set (reg. $119.99) $32.99, Black Friday deal\r\nOr 1 California King Cuddl Duds Flannel Sheet Set (reg. $119.99) $32.99, Black Friday deal\r\n\r\nUse code SAVEBIG15 to get 15% off your purchase through 11/24\r\nFree shipping on orders of $50.00 or more or free store pickup\r\nFinal Price: $28.04\r\n\r\nhttps://www.kohls.com/product/prd...ay%20Plaid\r\n\r\nIf you select ship and then switch it to pick up in store, you will be emailed a bonus $5 Kohl\'s cash.',b'1',b'1','2017-11-21 09:48:07',33.29,2,5,1),
  (5,'AMD Ryzen 7 1800X','https://slickdeals.net/f/10869331-amd-ryzen-7-1800x-8-core-am4-95w-yd180xbcaewof-ac-295?src=catpagev2_catnav_computers','Newegg.com has AMD Ryzen 7 1800X 8-Core 3.6GHz Desktop Processor (YD180XBCAEWOF) on sale for $319.99 - Extra $25 Off $200+ promo code MPBF17 = $294.99 when you checkout w/ MasterPass Checkout. Shipping is free. Thanks nutek\r\n\r\nNote, must checkout w/ MasterPass to receive discount. Also includes the Champions Pack for Quake Champions (automatically added to cart).',b'0',b'0','2017-11-21 09:51:42',295.00,1,4,1),
  (6,'Acer GN276HL 144Hz 1920x1080 LED','https://slickdeals.net/f/10870167-27-acer-gn276hl-144hz-1920x1080-led-monitor-189-99-free-shipping?src=catpagev2_catnav_computers','Newegg\r\n\r\n27\" Acer GN276HL 144Hz 1920x1080 LED Monitor. [newegg.com]\r\n$189.99 w/ code BF17FLYER38\r\n\r\nAmazon has priced-matched Newegg, but it\'s the pre-coupon price\r\nAmazon [amazon.com] $199.99\r\n\r\nSpecs:\r\nResolution: 1920x1080\r\nResponse Time: 1ms (GTG)\r\nContrast Ratio: ACM 100,000,000:1 (1,000:1)\r\nInputs:\r\n1x HDMI\r\n1x DVI\r\n1x D-Sub\r\nFree Shipping\r\nDeal Image\r\nDeal Image\r\n',b'0',b'0','2017-11-21 09:53:02',189.99,1,2,1),
  (7,'PowerColor Red Dragon Radeon RX 580 8GB Video Card','https://slickdeals.net/f/10865363-powercolor-red-dragon-radeon-rx-580-8gb-214-98-as-low-as-195?src=catpagev2_catnav_computers','Newegg has PowerColor Red Dragon Radeon RX 580 8GB 256-Bit GDDR5 PCI Express 3.0 Video Card (AXRX 580 8GBD5-3DHDV2/OC) for $249.99 - $25 w/ MasterPass Checkout promo code MPBF17 - $10 Rebate = $214.99. Shipping is free. Thanks tangers42\r\n\r\nNote, also includes QUAKE Champions Pack (automatically added in cart). Must checkout via MasterPass to use the $25 off promo code.\r\nDeal Image\r\nDeal Image\r\nDeal Image\r\n',b'0',b'0','2017-11-21 09:55:34',215.00,1,5,1),
  (8,'ASUS GeForce GTX 1060 3GB','https://slickdeals.net/f/10869923-asus-geforce-gtx-1060-3gb-192-bit-gddr5-phoenix-fan-edition-graphics-card-ph-gtx1060-3g-for-147-99-ar-w-filler-masterpass-newegg?src=catpagev2_catnav_computers','ASUS GeForce GTX 1060 3GB 192-Bit GDDR5 Phoenix Fan Edition Graphics Card (PH-GTX1060-3G) [newegg.com]\r\n$192.99 - $20.00 Rebate [newegg.com] = $172.99 AR + Free Ship\r\nLimit 1\r\n\r\nAdd $7.01 worth of FAR Items to Cart: HERE or HERE\r\nCheckout with MasterPass and use Promo Code: MPBF17 \r\nExample Filler: Rosewill 120mm Red LED Computer Case Cooling Fan with LP4 Adapter (RFA-120-RL) [newegg.com]\r\nSubtotal: $200.99\r\nMasterPass Discount: - $25.00 \r\nAC Total: $175.99\r\nAsus Rebate [newegg.com]\r\nRosewill Rebate [newegg.com]\r\nFinal Total: $147.99 AR + Free Ship',b'0',b'0','2017-11-21 09:56:35',147.00,1,2,1);

INSERT INTO `saleCat` (`saleCatId`, `description`, `saleCatName`)
VALUES
  (1,'Tech & Electronic','Tech & Electronic'),
  (2,'Clothing & Accessories','Clothing & Accessories'),
  (3,'Computers','Computers'),
  (4,'Health & Beauty','Health & Beauty'),
  (5,'Children','Children'),
  (6,'Other','Other');

INSERT INTO `role` (`role_id`, `role`)
VALUES
  (1,'ADMIN'),
  (2,'USER');

INSERT INTO `store` (`store_id`, `description`, `store_name`)
VALUES
  (1,'Walmart is a popular discount retailer offering goods in many categories, like clothing, household goods, electronics, groceries, automotive services, and more. With store all over the U.S., Walmart is known for their everyday low prices.\n\nWalmart Discount Tips\nWalmart is known for their affordable goods, but there are still ways you can save even more money. Walmer offers a variety of in-store and instant online coupons for everything from groceries to clothes to furniture, plus you may even find Walmart photo coupons, oil change coupons and other discounts on a variety of Walmart services.\n\nHow to Save at Walmart\n\nTake advantage of Walmart’s price matching policy, wherein Walmart will match any current published sale, as well as prices from certain online retailers (including Walmart.com, which often has lower prices than in the store).\nDownload Walmart’s mobile app and use the Savings Catcher, especially if you don’t want to go through the trouble of comparing prices. This feature lets you scan your receipt and then it checks top competitor prices on the items you bought. If lower prices are found elsewhere, they will send you a gift card for the difference. The Walmart app also allows you to browse and print photos, search for pharmacy discounts and see other deals around the store.\nGet to know Walmart’s coupon policy. To start, there are no Walmart promo codes or coupon codes for use online, though you can get printable coupons online for use in-store. Additionally, you can’t stack Walmart coupons, but they will pay cash if you find a coupon worth more than the item costs, which can happen if the item is already on sale. Finally, shoppers can use multiple coupons if you meet the requirements for each coupon, but they do not accept competitor coupons.\nCheck out the robust Walmart rollback and clearance sections, which often boast savings of anywhere from a few dollars on everyday items to hundreds of dollars on big ticket electronics.\nOpt for one of Walmart’s free shipping opportunities. You can earn free shipping if you spend at least $35 on your order, or just ship your items to your local Walmart for free pickup. Additionally, you can filter your search on Walmart.com to include only items that offer free two-day shipping, of which there are millions on the site.\nConsider a Walmart credit card, which earns you a $25 statement credit when you spend $75 on the day you’re approved. Plus, you’ll save 5 cents a gallon at Walmart gas stations and get special financing offers.\nWalmart Layaway\n\nDuring the holiday shopping season, specifically from September 2 to December 12, Walmart allows layaway purchases in select categories, including electronics, toys, furniture and appliances. Just make a small down payment at the Pickup Desk and the pay the full amount later.\n\nWalmart Warranty\n\nThe Walmart return policy is quite generous, allowing up to 90 days for returns with or without a receipt. However, certain items, including cell phones, computers and video game hardware do require a receipt and must be returned within two weeks. Additionally, firearms, gas-powered minibikes, diabetic products and other similar products cannot be returned.','Walmart'),
  (2,'Amazon is one of the top online retailers, offering more than 50 million items across a wide variety of categories, from electronics to clothing to furniture. Amazon also offers many online services for music, video, and books, in addition to grocery delivery services like Prime Now and AmazonFresh.\n\nAmazon Discount Tips\nAmazon is the largest online retailer in the United States with more than 60+ million subscribers to their Prime membership, which offers free shipping, streaming music, movies and other extras for $99 per year. For a more in-depth look into how to maximize your Prime membership, check out our Amazon Prime benefits guide.\n\nThere are lots of ways to save when you’re shopping on Amazon\n\nWhen available, Amazon coupon codes can be found on specific product pages and added to your order with a single click.\nCheck the Today’s Deals page for discounts upwards of 70% off a variety of products.\nThe Lightning Deals page features discounts on certain products for just a few hours.\nAmazon’s Subscribe & Save service offers up to a 15% discount when you add five or more eligible items to your monthly scheduled delivery. The standard Subscribe & Save discount is 5%.\nFree shipping is available for Prime members or orders including at least $25 of eligible books or at least $25 of eligible items across any product category.\nAmazon Warehouse Deals\n\nIf you don’t mind open box or used products, you should definitely check out the Amazon Warehouse page, which allows shoppers to find great deals on everything from electronics to housewares. Plus, they frequently have promotion codes for further discounts on your first purchase. Buying from third-party sellers and individuals on Amazon is another way to get huge discounts on used items, especially previous generation electronics and older books.\n\nAmazon Outlets\n\nAnother hidden gem is the Amazon Outlet section, where you’ll find markdowns and outlet prices on apparel, accessories, beauty products and household items. And speaking of household items, Amazon has a dedicated coupon page which is a great resource if you\'re looking for an Amazon promo code. They have coupons on household necessities like cleaning supplies, bath and beauty products, and groceries.\n\nPrime Membership Benefits\n\nFrequent Amazon shoppers should definitely sign up for a Prime membership. While there are no Amazon Prime coupon codes, the $99 annual fee provides a lot of value with free two-day shipping, access to Amazon Video and Amazon Music, plus you’ll get access to Prime Pantry for low-priced grocery delivery, early access to lightning deals and unlimited photo storage, plus up to 20% off Amazon Mom products.','Amazon'),
  (3,'Is there anything you can\'t buy at eBay? Chances are you can find 99% of what you\'re looking for on eBay, and thanks to the many auctions happening 24/7, you can end up with a killer deal. Sport apparel, golf clubs, TVs, video game consoles and more are available from a plethora of resellers. The best time to buy is whenever they run the eBay flash coupon, which can save you $15 off $75 or more.\n\neBay Discount Tips\neBay originally gained popularity as an auction site, and is now growing into a marketplace where many retailers offer discounts on the hottest items from categories like electronics, housewares, and apparel.\n\nDaily Deals\n\nThe eBay Daily Deals page features hundreds of low-priced items with free shipping, and discounts often range from 10 percent to 80 percent. The site also runs regular sales events with discount codes for various departments, and eBay promo codes for free shipping are fairly easy to find as well. Seasonal eBay coupon codes will offer stackable savings on already reduced prices. You can also join the eBay Bucks rewards program to get 1% back on eligible items when you pay with PayPal.\n\nExample eBay coupons and discounts\n\n20% off orders $25 or more\n10% off eBay discounts\neBay Daily Deals: Up to 88% off with free shipping\nUp to 70% off jewelry','Ebay'),
  (4,'Target specializes in household goods, clothing, and entertainment for the entire family. Popular designer brands available at Target include Mossimo, Nate Berkus, Isaac Mizrahi, and more, with an exclusive selection available at accessible price points.\n\nTarget Discount Tips\nTarget offers lots of promo codes, coupons and other promotions. Expect to see Target coupons ranging from $0.50 to $5 off groceries, beauty products, office supplies and other small items, which can really add up if you do your research before you shop. Target also runs frequent buy and save promotions, where discounts are handed out if you spend over a certain amount on select items. If you’re willing to buy in bulk, keep an eye out for offers of free gift cards when you buy a certain number of products. We’ve seen deals of $20 gift cards if you buy two boxes of diapers or $5 gift cards when you buy three hair care products.\n\nHow to Use a Target Coupon\n\nFor coupons online, navigate to your shopping cart to check out. Scroll to where it says “promo codes” and click “enter a code.”\nEnter your promo code in the box that appears and click “Apply.”\nYou can enter as many coupon codes as you want, as long as they are all eligible.\nTo use printable coupons or other Target coupons in the store, simply present your printed coupon or a coupon your phone to the cashier.\nRemember that you can use multiples of the same coupon as long as each coupon has a matching item. Additionally, you can stack a manufacturer coupon, a store coupon, a Cartwheel offer, and a REDcard discount all on one item.\nHow to Save Money at Target\n\nSign up for the Target REDcard, which can either be a credit card or tied to your debit account. You’ll get 5% off all purchases (even already discounted ones), plus free shipping from Target.com, plus 30 extra days for returns.\nDownload Target’s Cartwheel app for iOS and Android, which offers weekly deals up to 50% off of select in-store items. Since you’ll be on your phone anyway, it’s also wise to sign up for their mobile coupon program, which will send coupons right to your phone to be redeemed at the checkout.\nGet free shipping at Target on orders over $35. You can also order online and ship items for free if you’re willing to pick them up at your local Target.\nPrice match items at Target from a list of 27 other stores, as well as Target.com. If you find a better deal at one of those stores, you have two weeks from the time of your purchase to get a price match at Target.\nTake advantage of subscription discounts on products like diapers, pet food and office supplies. You’ll get 5% and free shipping on every subscription purchase, plus get an additional 5% off when you use your REDcard.\nStart a Target registry. Baby registries will get you a welcome kit full of baby and diaper coupons and samples, as well as 15% off anything in your registry starting eight weeks from your due date, plus a year of easy returns. Wedding registries will also earn you 15% off anything left after the big day, plus bonus gifts with qualifying purchases.\nLook for frequent photo coupons offered by Target Photo to save on prints. Sign up for a Target account to easily access and print your images for pickup at your nearest Target.\nCreate a Target Optical account to get a $25 off coupon emailed to you. Additionally, take advantage of Target optical’s huge discounts on glasses and contact lenses.\nTarget Return Policy\n\nTarget has a generous return policy, allowing you to return unopened items within 90 days of purchase. While you typically have to have a receipt to return an item, most Targets will accept returns without one if they can verify that they sell the item being returned. You can also return items by mail for free.','Target'),
  (5,'Best Buy is one of few tech and electronics stores that are still going strong with their brick and mortar locations when most of the competition is either moving online or are no longer in business. If you\'re in the market for a TV, computer, cell phone, home audio equipment or just want to stock up on DVDs and Blu-rays, Best Buy is a great place to start.\n\nBest Buy Discount Tips\nBest Buy is a great store for deals on consumer electronics, TVs, appliances, video games and laptops. If you ever find a better deal elsewhere, use Best Buy’s price match policy and save yourself a trip. They will match both in-store and online offers.\n\nWhat coupons and sales do Best Buy offer?\n\nThe Best Buy $10 off coupon is very popular and will arrive from time to time via email if you’re signed up for their newsletter. They also partner with VISA several times a year (usually around the holiday season) for exclusive VISA Checkout offers, which have included $25 off your purchase if you make your purchase using VISA Checkout. If you’re moving, look for the 10% off Best Buy movers coupon that you can get from the post office. They also have printable coupons from time to time, but you don’t need to actually print them out in order to use them. There are usually digital version of them as well, or you can pull up the in-store coupon on your phone.\n\nBest Buy Student Discounts\n\nIf you’re a student, make sure you check out Best Buy’s student discounts before you buy any electronics. They always have great Back to School offer in late summer, such as $150 off select Apple computers or tablets. You can also get discounted software, tablets and gaming accessories if you’re a student. Just register on their site to stay up to date on their offers.\n\nVideo Game Savings\n\nIf you love video games, you should sign up for the Gamers Club Unlocked, which costs $30 for two years and comes with great perks such as: 20% off new video games, 10% off pre-owned games and a 10% trade-in credit when you trade in your old games.\n\nBest Buy Price Adjustment\n\nShould a price ever drop after you buy something at a Best Buy store, they will do a price adjustment within 15 days of your purchase and give you back the difference.\n\nMy Best Buy\n\nTheir loyalty program is called My Best Buy, and it’s free to join. My Best Buy perks include: $5 reward for every 250 points earned, as well as exclusive offers, early access to sales and free two-day shipping on orders of $35 or more.\n\nIf you frequently shop at Best Buy you might want to consider signing up for their store credit card, which offers 5% in rewards on all Best Buy purchases.','BestBuy'),
  (6,'Other','Other');

INSERT INTO `user` (`user_id`, `active`, `email`, `first_name`, `last_name`, `password`, `address_id`)
VALUES
  (1,1,'quytran288@gmail.com','Quy','Tran','$2a$10$/hCZXKzjytokNlkzRfUlquUknj6sCY5GeayHuq2w0TXYYVDSEWvKK',1),
  (2,1,'bi@gmail.com','Bi','Tran','$2a$10$traJs0zqJKm8SFflNFpDdOUH66bT6hTd1YgjcAtCmSbYXsY4PbFGi',2),
  (3,1,'kaka@kaka.kk','Kaka','Koko','$2a$10$NSoZRiuxdw/ensSeX4naU.U.Y/IE0gp0ZPVWnlmt.aEkNjLsdAaOS',3),
  (4,1,'a@b.c','A','B','$2a$10$VRtehszJFjsgtnT1w/dOt.38NorZKtGM5BjWf3qJHJVY9S5Ob4maK',4),
  (5,1,'mferdis@gmail.com','Kaka','Kakali','$2a$10$JecTTUv6qgy.UqXjIsIGfeyTbXJROHOixaoa68Kc2DgtW0qiulhSy',5),
  (6,1,'abc@gmail.com','abc','def','$2a$10$dPfvGpM51dqlAVycW5nG5ufezY26rtCvgCsmiMYBYm1jQCBGkZsfW',6);

INSERT INTO `user_role` (`user_id`, `role_id`)
VALUES
  (1,1),
  (2,1),
  (3,1),
  (4,1),
  (5,1),
  (6,1);